nombre_original,uuid_name,ruta
232.jpg,4993ffa1-e341-4c97-9522-da2ffcbade52.jpg,uploads\4993ffa1-e341-4c97-9522-da2ffcbade52.jpg
245.jpg,cdcaed9e-b4dc-4c89-9c3a-b47813c2a66b.jpg,uploads\cdcaed9e-b4dc-4c89-9c3a-b47813c2a66b.jpg
245.jpg,d5147a08-d11f-47f5-9614-8eb30d75a2af.jpg,uploads\d5147a08-d11f-47f5-9614-8eb30d75a2af.jpg
256.jpg,0473a3c6-a949-497d-b29e-3b6888aae43c.jpg,uploads\0473a3c6-a949-497d-b29e-3b6888aae43c.jpg
232.jpg,a3d2fd88-12ef-45f1-bffd-e9fb4b50ebc0.jpg,uploads\a3d2fd88-12ef-45f1-bffd-e9fb4b50ebc0.jpg
226.jpg,1cb67fad-3886-40f8-b374-9483c3a706b6.jpg,uploads\1cb67fad-3886-40f8-b374-9483c3a706b6.jpg
306.jpg,16a14cb6-a159-493e-ad6e-eb48495b764f.jpg,uploads\16a14cb6-a159-493e-ad6e-eb48495b764f.jpg
239.jpg,010c00a0-85d0-4663-860f-18fdff3a913f.jpg,uploads\010c00a0-85d0-4663-860f-18fdff3a913f.jpg
416.jpg,94489337-a227-4be3-834a-82f6d8c8137d.jpg,uploads\94489337-a227-4be3-834a-82f6d8c8137d.jpg
419.jpg,72375f37-53c7-4719-ba65-7c193da92af1.jpg,uploads\72375f37-53c7-4719-ba65-7c193da92af1.jpg
